<?xml version="1.0" encoding="UTF-8"?>
<project-private xmlns="http://www.netbeans.org/ns/project-private/1">
    <editor-bookmarks xmlns="http://www.netbeans.org/ns/editor-bookmarks/2" lastBookmarkId="0"/>
    <open-files xmlns="http://www.netbeans.org/ns/projectui-open-files/2">
        <group>
            <file>file:/Users/APPLE/Documents/SC/DS/homework2/Project2Task2/src/project2task2/TCPSpyUsingTEAandPasswordsAndRSA.java</file>
            <file>file:/Users/APPLE/Documents/SC/DS/homework2/Project2Task2/src/project2task2/TCPSpyCommanderUsingTEAandPasswordsAndRSA.java</file>
            <file>file:/Users/APPLE/Documents/SC/DS/homework2/Project2Task2/src/project2task2/Tea.java</file>
        </group>
    </open-files>
</project-private>
